study;rsID;chrom;pos;aa;ea;direction;p;phenotype
Jaeger_2010;rs16932288;9;14791446;T;C;;6,20E-11;Cis3Hexen1ol
Jaeger_2010;rs964745;16;82507201;G;C;;4,80E-10;Cis3Hexen1ol
Jaeger_2010;rs1478043;8;14084991;A;C;;8,20E-10;Cis3Hexen1ol
Jaeger_2010;rs41524648;4;181566272;A;G;;1,30E-09;Cis3Hexen1ol
Jaeger_2010;rs16936969;9;90321585;A;C;;5,90E-09;Cis3Hexen1ol
Jaeger_2010;rs11200795;10;84013656;C;T;;5,90E-09;Cis3Hexen1ol
Jaeger_2010;rs6817544;4;120659999;G;A;;1,40E-08;Cis3Hexen1ol
Jaeger_2010;rs7938698;11;19688128;G;A;;2,00E-08;Cis3Hexen1ol
Jaeger_2010;rs362582;20;10273639;T;A;;2,10E-08;Cis3Hexen1ol
Jaeger_2010;rs1986396;X;13572639;C;A;;2,60E-08;Cis3Hexen1ol
Jaeger_2010;rs7000385;8;144953363;G;A;;3,50E-08;Cis3Hexen1ol
Jaeger_2010;rs4674229;2;217926301;C;T;;4,80E-08;Cis3Hexen1ol
Jaeger_2010;rs2148065;13;94982059;C;T;;5,00E-08;Cis3Hexen1ol
Eriksson_2010;rs4481887;1;248333561;G;A;-;6,31E-24;urinal_asparagus
McRae_2013;rs7943953;11;59456671;;;;1,40E-31;betaIonon
McRae_2013;rs13424612;2;239960704;;;;6,40E-10;isobutyraldehyde
Dong_2017;rs139300691;9;107825657;G;A;-;1,69E-09;SCORE
Dong_2017;rs72679931;4;161324101;T;A;-;3,73E-09;SCORE
Dong_2017;rs115661734;18;55929891;G;T;-;4,67E-09;SCORE
Dong_2017;rs187695731;4;131687253;C;T;+;7,02E-09;SCORE
Dong_2017;rs148809765;1;1959317;C;T;-;1,24E-08;SCORE
Dong_2017;rs16951602;18;50154247;G;A;+;1,35E-08;SCORE
Dong_2017;rs116393901;1;116698387;G;A;+;3,25E-08;SCORE
Dong_2017;rs75904654;1;200303526;T;A;+;3,39E-08;SCORE
Dong_2017;rs112989064;16;51597934;C;T;-;4,21E-08;SCORE
Dong_2017;rs78633367;15;38524089;C;T;+;4,14E-09;SCORE
Dong_2017;rs145898638;10;64731664;G;T;-;4,04E-08;SCORE
Gisladottir_2020;rs317787;11;5504313;C;T;+;1,00E-13;cinnamon
Gisladottir_2020;rs60683621;12;55469440;C;G;+;2,20E-13;licorice
Gisladottir_2020;rs41286168;6;132589404;A;G;-;1,30E-11;fish
