study;rsID;chrom;pos;aa;ea;direction;p;phenotype;lies_within_regions
Jaeger_2010;rs16932288;9;14791446;T;C;;6,2e-11;Cis3Hexen1ol;NA
Jaeger_2010;rs964745;16;82507201;G;C;;4,8e-10;Cis3Hexen1ol;NA
Jaeger_2010;rs1478043;8;14084991;A;C;;8,2e-10;Cis3Hexen1ol;NA
Jaeger_2010;rs41524648;4;181566272;A;G;;1,3e-09;Cis3Hexen1ol;NA
Jaeger_2010;rs16936969;9;90321585;A;C;;5,9e-09;Cis3Hexen1ol;NA
Jaeger_2010;rs11200795;10;84013656;C;T;;5,9e-09;Cis3Hexen1ol;NA
Jaeger_2010;rs6817544;4;120659999;G;A;;1,4e-08;Cis3Hexen1ol;NA
Jaeger_2010;rs7938698;11;19688128;G;A;;2e-08;Cis3Hexen1ol;NA
Jaeger_2010;rs362582;20;10273639;T;A;;2,1e-08;Cis3Hexen1ol;NA
Jaeger_2010;rs1986396;X;13572639;C;A;;2,6e-08;Cis3Hexen1ol;NA
Jaeger_2010;rs7000385;8;144953363;G;A;;3,5e-08;Cis3Hexen1ol;NA
Jaeger_2010;rs4674229;2;217926301;C;T;;4,8e-08;Cis3Hexen1ol;NA
Jaeger_2010;rs2148065;13;94982059;C;T;;5e-08;Cis3Hexen1ol;NA
Eriksson_2010;rs4481887;1;248333561;G;A;-;6,31e-24;urinal_asparagus;NA
McRae_2013;rs7943953;11;59456671;;;;1,4e-31;betaIonon;9
McRae_2013;rs13424612;2;239960704;;;;6,4e-10;isobutyraldehyde;NA
Dong_2017;rs139300691;9;107825657;G;A;-;1,69e-09;SCORE;NA
Dong_2017;rs72679931;4;161324101;T;A;-;3,73e-09;SCORE;NA
Dong_2017;rs115661734;18;55929891;G;T;-;4,67e-09;SCORE;NA
Dong_2017;rs187695731;4;131687253;C;T;+;7,02e-09;SCORE;NA
Dong_2017;rs148809765;1;1959317;C;T;-;1,24e-08;SCORE;NA
Dong_2017;rs16951602;18;50154247;G;A;+;1,35e-08;SCORE;NA
Dong_2017;rs116393901;1;116698387;G;A;+;3,25e-08;SCORE;NA
Dong_2017;rs75904654;1;200303526;T;A;+;3,39e-08;SCORE;NA
Dong_2017;rs112989064;16;51597934;C;T;-;4,21e-08;SCORE;NA
Dong_2017;rs78633367;15;38524089;C;T;+;4,14e-09;SCORE;NA
Dong_2017;rs145898638;10;64731664;G;T;-;4,04e-08;SCORE;NA
Gisladottir_2020;rs317787;11;5504313;C;T;+;1e-13;cinnamon;6
Gisladottir_2020;rs60683621;12;55469440;C;G;+;2,2e-13;licorice;NA
Gisladottir_2020;rs41286168;6;132589404;A;G;-;1,3e-11;fish;5
